instance_id,seed,best_objective,runtime,algorithm_name,deadline,param_max_evaluations,param_seed,param_population_size,param_time_limit,param_max_iterations,param_F,param_CR,param_use_adaptive_F,param_use_adaptive_CR,param_mutation_strategy,param_crossover_strategy,param_initialization_strategy,param_use_local_search,param_local_search_top,param_F_min,param_F_max,param_CR_min,param_CR_max,param_K0,param_crossover_rate,param_mutation_rate,param_selection_strategy,param_tournament_size,param_use_repair,param_elitism,param_alpha,param_feasible_lower_rate,param_feasible_upper_rate,param_local_search_strategy,param_local_search_interval,param_neighborhood_size,param_use_sa_acceptance,param_sa_initial_temp,param_sa_cooling_rate,param_tabu_tenure,param_aspiration_criterion,param_tabu_strategy,param_min_factor,param_max_factor,param_noimprove_threshold,param_elite_size,param_path_strategy,param_local_search_eval_limit,param_w,param_c1,param_c2,param_restart_strategy,param_restart_threshold,param_sa_final_temp,param_f_min,param_f_max,param_A0,param_r0,param_gamma,param_hm_size,param_hmcr,param_par,param_bw,param_par_min,param_par_max,param_bw_min,param_bw_max,param_parameter_strategy,rpd
J30_1.RCP,0,81.67105263157895,0.30138325691223145,DE_rand/1_fixedF_bin_fixedCR_noLS,38,1000,0,50.0,60.0,100.0,0.1,0.9,False,False,rand/1,bin,random,False,5.0,0.3,1.5,0.3,1.0,1.0,,,,,,,,,,,,,,,,,,,,,,,,,,,,,,,,,,,,,,,,,,,,,33.91585760517799
J30_1.RCP,1,71.77631578947368,0.2992429733276367,DE_rand/1_fixedF_bin_fixedCR_noLS,38,1000,1,50.0,60.0,100.0,0.1,0.9,False,False,rand/1,bin,random,False,5.0,0.3,1.5,0.3,1.0,1.0,,,,,,,,,,,,,,,,,,,,,,,,,,,,,,,,,,,,,,,,,,,,,17.691477885652645
J30_1.RCP,0,86.46052631578948,0.3888099193572998,GA_roulette_single_point_random_random_none_noNeighborhood_noElitism_noSA,38,1000,0,50.0,60.0,,,,,,random,single_point,random,,,,,,,,0.9,0.1,roulette,3.0,True,False,0.5,0.1,0.35,none,5.0,0.0,False,10.0,0.95,,,,,,,,,,,,,,,,,,,,,,,,,,,,,,41.76914778856528
J30_1.RCP,1,76.35526315789475,0.38226890563964844,GA_roulette_single_point_random_random_none_noNeighborhood_noElitism_noSA,38,1000,1,50.0,60.0,,,,,,random,single_point,random,,,,,,,,0.9,0.1,roulette,3.0,True,False,0.5,0.1,0.35,none,5.0,0.0,False,10.0,0.95,,,,,,,,,,,,,,,,,,,,,,,,,,,,,,25.199568500539403
J30_1.RCP,0,63.46052631578947,0.27419114112854004,TS_static,38,1000,0,,60.0,100.0,,,,,,,,,,,,,,,,,,,,,,,,,,20.0,,,,10.0,True,static,1.0,4.0,10.0,,,,,,,,,,,,,,,,,,,,,,,,4.056094929881336
J30_1.RCP,1,64.5657894736842,0.2894299030303955,TS_static,38,1000,1,,60.0,100.0,,,,,,,,,,,,,,,,,,,,,,,,,,20.0,,,,10.0,True,static,1.0,4.0,10.0,,,,,,,,,,,,,,,,,,,,,,,,5.8683926645091615
J30_1.RCP,0,105.19736842105264,0.11383581161499023,PR_forward_best_noLS,38,1000,0,,60.0,100.0,,,,,,,,False,,,,,,,,,best,,,,,,,,,,,,,,,,,,,10.0,forward,50.0,,,,,,,,,,,,,,,,,,,,,72.4919093851133
J30_1.RCP,1,100.56578947368422,0.09119987487792969,PR_forward_best_noLS,38,1000,1,,60.0,100.0,,,,,,,,False,,,,,,,,,best,,,,,,,,,,,,,,,,,,,10.0,forward,50.0,,,,,,,,,,,,,,,,,,,,,64.89751887810142
J30_1.RCP,0,63.4078947368421,0.45769190788269043,PSO_none_none,38,1000,0,50.0,60.0,,,,,,,,,,,,,,,,,,,,,,,,,none,,,,80.0,0.9,,,,,,,,,,0.729,1.49445,1.49445,none,30.0,0.01,,,,,,,,,,,,,,,3.969795037756199
J30_1.RCP,1,60.98684210526316,0.45728302001953125,PSO_none_none,38,1000,1,50.0,60.0,,,,,,,,,,,,,,,,,,,,,,,,,none,,,,80.0,0.9,,,,,,,,,,0.729,1.49445,1.49445,none,30.0,0.01,,,,,,,,,,,,,,,0.0
J30_1.RCP,0,63.82894736842106,0.3731808662414551,BA_none,38,1000,0,50.0,60.0,,,,,,,,,,,,,,,,,,,,,,0.9,,,none,10.0,,,,,,,,,,,,,,,,,,,,0.0,2.0,1.0,0.5,0.9,,,,,,,,,,4.660194174757297
J30_1.RCP,1,64.14473684210526,0.3845241069793701,BA_none,38,1000,1,50.0,60.0,,,,,,,,,,,,,,,,,,,,,,0.9,,,none,10.0,,,,,,,,,,,,,,,,,,,,0.0,2.0,1.0,0.5,0.9,,,,,,,,,,5.177993527508087
J30_1.RCP,0,62.98684210526316,0.39406824111938477,HS_fixed_random,38,1000,0,,60.0,,,,,,,,random,,,,,,,,,,,,,,,,,,,,,,,,,,,,,,,,,,,,,,,,,,,50.0,0.9,0.3,2.0,0.1,0.9,1.0,5.0,fixed,3.2793959007551243
J30_1.RCP,1,64.51315789473684,0.3978288173675537,HS_fixed_random,38,1000,1,,60.0,,,,,,,,random,,,,,,,,,,,,,,,,,,,,,,,,,,,,,,,,,,,,,,,,,,,50.0,0.9,0.3,2.0,0.1,0.9,1.0,5.0,fixed,5.782092772384024
J30_2.RCP,0,94.84070294784581,0.2989799976348877,DE_rand/1_fixedF_bin_fixedCR_noLS,42,1000,0,50.0,60.0,100.0,0.1,0.9,False,False,rand/1,bin,random,False,5.0,0.3,1.5,0.3,1.0,1.0,,,,,,,,,,,,,,,,,,,,,,,,,,,,,,,,,,,,,,,,,,,,,23.425085025858188
J30_2.RCP,1,93.50736961451247,0.31067371368408203,DE_rand/1_fixedF_bin_fixedCR_noLS,42,1000,1,50.0,60.0,100.0,0.1,0.9,False,False,rand/1,bin,random,False,5.0,0.3,1.5,0.3,1.0,1.0,,,,,,,,,,,,,,,,,,,,,,,,,,,,,,,,,,,,,,,,,,,,,21.689893542461274
J30_2.RCP,0,97.65022675736964,0.3865780830383301,GA_roulette_single_point_random_random_none_noNeighborhood_noElitism_noSA,42,1000,0,50.0,60.0,,,,,,random,single_point,random,,,,,,,,0.9,0.1,roulette,3.0,True,False,0.5,0.1,0.35,none,5.0,0.0,False,10.0,0.95,,,,,,,,,,,,,,,,,,,,,,,,,,,,,,27.08138136587311
J30_2.RCP,1,99.74546485260774,0.3829340934753418,GA_roulette_single_point_random_random_none_noNeighborhood_noElitism_noSA,42,1000,1,50.0,60.0,,,,,,random,single_point,random,,,,,,,,0.9,0.1,roulette,3.0,True,False,0.5,0.1,0.35,none,5.0,0.0,False,10.0,0.95,,,,,,,,,,,,,,,,,,,,,,,,,,,,,,29.808110839782536
J30_2.RCP,0,79.22165532879819,0.21870803833007812,TS_static,42,1000,0,,60.0,100.0,,,,,,,,,,,,,,,,,,,,,,,,,,20.0,,,,10.0,True,static,1.0,4.0,10.0,,,,,,,,,,,,,,,,,,,,,,,,3.0985562203516106
J30_2.RCP,1,76.84070294784581,0.22349309921264648,TS_static,42,1000,1,,60.0,100.0,,,,,,,,,,,,,,,,,,,,,,,,,,20.0,,,,10.0,True,static,1.0,4.0,10.0,,,,,,,,,,,,,,,,,,,,,,,,0.0
J30_2.RCP,0,101.84070294784581,0.09874916076660156,PR_forward_best_noLS,42,1000,0,,60.0,100.0,,,,,,,,False,,,,,,,,,best,,,,,,,,,,,,,,,,,,,10.0,forward,50.0,,,,,,,,,,,,,,,,,,,,,32.53484031369192
J30_2.RCP,1,108.55498866213152,0.08002376556396484,PR_forward_best_noLS,42,1000,1,,60.0,100.0,,,,,,,,False,,,,,,,,,best,,,,,,,,,,,,,,,,,,,10.0,forward,50.0,,,,,,,,,,,,,,,,,,,,,41.27276885508346
J30_2.RCP,0,92.65022675736961,0.49199604988098145,PSO_none_none,42,1000,0,50.0,60.0,,,,,,,,,,,,,,,,,,,,,,,,,none,,,,80.0,0.9,,,,,,,,,,0.729,1.49445,1.49445,none,30.0,0.01,,,,,,,,,,,,,,,20.574413303134687
J30_2.RCP,1,85.55498866213152,0.45338988304138184,PSO_none_none,42,1000,1,50.0,60.0,,,,,,,,,,,,,,,,,,,,,,,,,none,,,,80.0,0.9,,,,,,,,,,0.729,1.49445,1.49445,none,30.0,0.01,,,,,,,,,,,,,,,11.340715766486891
J30_2.RCP,0,97.36451247165535,0.38237810134887695,BA_none,42,1000,0,50.0,60.0,,,,,,,,,,,,,,,,,,,,,,0.9,,,none,10.0,,,,,,,,,,,,,,,,,,,,0.0,2.0,1.0,0.5,0.9,,,,,,,,,,26.709554619430907
J30_2.RCP,1,95.36451247165532,0.3844621181488037,BA_none,42,1000,1,50.0,60.0,,,,,,,,,,,,,,,,,,,,,,0.9,,,none,10.0,,,,,,,,,,,,,,,,,,,,0.0,2.0,1.0,0.5,0.9,,,,,,,,,,24.106767394335517
J30_2.RCP,0,86.88832199546485,0.43047380447387695,HS_fixed_random,42,1000,0,,60.0,,,,,,,,random,,,,,,,,,,,,,,,,,,,,,,,,,,,,,,,,,,,,,,,,,,,50.0,0.9,0.3,2.0,0.1,0.9,1.0,5.0,fixed,13.07590724988379
J30_2.RCP,1,89.31689342403628,0.3937649726867676,HS_fixed_random,42,1000,1,,60.0,,,,,,,,random,,,,,,,,,,,,,,,,,,,,,,,,,,,,,,,,,,,,,,,,,,,50.0,0.9,0.3,2.0,0.1,0.9,1.0,5.0,fixed,16.236434594642436
J30_3.RCP,0,74.45754461871282,0.30071187019348145,DE_rand/1_fixedF_bin_fixedCR_noLS,43,1000,0,50.0,60.0,100.0,0.1,0.9,False,False,rand/1,bin,random,False,5.0,0.3,1.5,0.3,1.0,1.0,,,,,,,,,,,,,,,,,,,,,,,,,,,,,,,,,,,,,,,,,,,,,7.378404517517864
J30_3.RCP,1,78.13196322336398,0.29588985443115234,DE_rand/1_fixedF_bin_fixedCR_noLS,43,1000,1,50.0,60.0,100.0,0.1,0.9,False,False,rand/1,bin,random,False,5.0,0.3,1.5,0.3,1.0,1.0,,,,,,,,,,,,,,,,,,,,,,,,,,,,,,,,,,,,,,,,,,,,,12.677440489189786
J30_3.RCP,0,78.78312601406165,0.36713314056396484,GA_roulette_single_point_random_random_none_noNeighborhood_noElitism_noSA,43,1000,0,50.0,60.0,,,,,,random,single_point,random,,,,,,,,0.9,0.1,roulette,3.0,True,False,0.5,0.1,0.35,none,5.0,0.0,False,10.0,0.95,,,,,,,,,,,,,,,,,,,,,,,,,,,,,,13.616510155055689
J30_3.RCP,1,78.41103299080585,0.36517882347106934,GA_roulette_single_point_random_random_none_noNeighborhood_noElitism_noSA,43,1000,1,50.0,60.0,,,,,,random,single_point,random,,,,,,,,0.9,0.1,roulette,3.0,True,False,0.5,0.1,0.35,none,5.0,0.0,False,10.0,0.95,,,,,,,,,,,,,,,,,,,,,,,,,,,,,,13.079898917418046
J30_3.RCP,0,69.34126554894537,0.21987509727478027,TS_static,43,1000,0,,60.0,100.0,,,,,,,,,,,,,,,,,,,,,,,,,,20.0,,,,10.0,True,static,1.0,4.0,10.0,,,,,,,,,,,,,,,,,,,,,,,,0.0
J30_3.RCP,1,73.43428880475932,0.22069883346557617,TS_static,43,1000,1,,60.0,100.0,,,,,,,,,,,,,,,,,,,,,,,,,,20.0,,,,10.0,True,static,1.0,4.0,10.0,,,,,,,,,,,,,,,,,,,,,,,,5.902723614014279
J30_3.RCP,0,78.45754461871283,0.08546090126037598,PR_forward_best_noLS,43,1000,0,,60.0,100.0,,,,,,,,False,,,,,,,,,best,,,,,,,,,,,,,,,,,,,10.0,forward,50.0,,,,,,,,,,,,,,,,,,,,,13.146975322122758
J30_3.RCP,1,91.29475392103839,0.07190179824829102,PR_forward_best_noLS,43,1000,1,,60.0,100.0,,,,,,,,False,,,,,,,,,best,,,,,,,,,,,,,,,,,,,10.0,forward,50.0,,,,,,,,,,,,,,,,,,,,,31.660063020622093
J30_3.RCP,0,70.64359113034071,0.46352314949035645,PSO_none_none,43,1000,0,50.0,60.0,,,,,,,,,,,,,,,,,,,,,,,,,none,,,,80.0,0.9,,,,,,,,,,0.729,1.49445,1.49445,none,30.0,0.01,,,,,,,,,,,,,,,1.878139331731802
J30_3.RCP,1,70.78312601406165,0.49575304985046387,PSO_none_none,43,1000,1,50.0,60.0,,,,,,,,,,,,,,,,,,,,,,,,,none,,,,80.0,0.9,,,,,,,,,,0.729,1.49445,1.49445,none,30.0,0.01,,,,,,,,,,,,,,,2.079368545845941
J30_3.RCP,0,74.36452136289887,0.39195704460144043,BA_none,43,1000,0,50.0,60.0,,,,,,,,,,,,,,,,,,,,,,0.9,,,none,10.0,,,,,,,,,,,,,,,,,,,,0.0,2.0,1.0,0.5,0.9,,,,,,,,,,7.244251708108458
J30_3.RCP,1,76.6901027582477,0.3838322162628174,BA_none,43,1000,1,50.0,60.0,,,,,,,,,,,,,,,,,,,,,,0.9,,,none,10.0,,,,,,,,,,,,,,,,,,,,0.0,2.0,1.0,0.5,0.9,,,,,,,,,,10.598071943343845
J30_3.RCP,0,71.80638182801515,0.394970178604126,HS_fixed_random,43,1000,0,,60.0,,,,,,,,random,,,,,,,,,,,,,,,,,,,,,,,,,,,,,,,,,,,,,,,,,,,50.0,0.9,0.3,2.0,0.1,0.9,1.0,5.0,fixed,3.555049449349527
J30_3.RCP,1,70.87614926987563,0.3913121223449707,HS_fixed_random,43,1000,1,,60.0,,,,,,,,random,,,,,,,,,,,,,,,,,,,,,,,,,,,,,,,,,,,,,,,,,,,50.0,0.9,0.3,2.0,0.1,0.9,1.0,5.0,fixed,2.213521355255388
J30_4.RCP,0,65.95041322314049,0.29717111587524414,DE_rand/1_fixedF_bin_fixedCR_noLS,55,1000,0,50.0,60.0,100.0,0.1,0.9,False,False,rand/1,bin,random,False,5.0,0.3,1.5,0.3,1.0,1.0,,,,,,,,,,,,,,,,,,,,,,,,,,,,,,,,,,,,,,,,,,,,,24.937374749498954
J30_4.RCP,1,72.60495867768594,0.2946319580078125,DE_rand/1_fixedF_bin_fixedCR_noLS,55,1000,1,50.0,60.0,100.0,0.1,0.9,False,False,rand/1,bin,random,False,5.0,0.3,1.5,0.3,1.0,1.0,,,,,,,,,,,,,,,,,,,,,,,,,,,,,,,,,,,,,,,,,,,,,37.54383767535066
J30_4.RCP,0,72.4595041322314,0.352705717086792,GA_roulette_single_point_random_random_none_noNeighborhood_noElitism_noSA,55,1000,0,50.0,60.0,,,,,,random,single_point,random,,,,,,,,0.9,0.1,roulette,3.0,True,False,0.5,0.1,0.35,none,5.0,0.0,False,10.0,0.95,,,,,,,,,,,,,,,,,,,,,,,,,,,,,,37.268286573146256
J30_4.RCP,1,75.62314049586776,0.3651909828186035,GA_roulette_single_point_random_random_none_noNeighborhood_noElitism_noSA,55,1000,1,50.0,60.0,,,,,,random,single_point,random,,,,,,,,0.9,0.1,roulette,3.0,True,False,0.5,0.1,0.35,none,5.0,0.0,False,10.0,0.95,,,,,,,,,,,,,,,,,,,,,,,,,,,,,,43.26152304609213
J30_4.RCP,0,58.095867768595035,0.21740198135375977,TS_static,55,1000,0,,60.0,100.0,,,,,,,,,,,,,,,,,,,,,,,,,,20.0,,,,10.0,True,static,1.0,4.0,10.0,,,,,,,,,,,,,,,,,,,,,,,,10.057615230460886
J30_4.RCP,1,54.4595041322314,0.21872878074645996,TS_static,55,1000,1,,60.0,100.0,,,,,,,,,,,,,,,,,,,,,,,,,,20.0,,,,10.0,True,static,1.0,4.0,10.0,,,,,,,,,,,,,,,,,,,,,,,,3.1688376753506726
J30_4.RCP,0,85.1504132231405,0.07481789588928223,PR_forward_best_noLS,55,1000,0,,60.0,100.0,,,,,,,,False,,,,,,,,,best,,,,,,,,,,,,,,,,,,,10.0,forward,50.0,,,,,,,,,,,,,,,,,,,,,61.310120240480934
J30_4.RCP,1,89.18677685950415,0.10267496109008789,PR_forward_best_noLS,55,1000,1,,60.0,100.0,,,,,,,,False,,,,,,,,,best,,,,,,,,,,,,,,,,,,,10.0,forward,50.0,,,,,,,,,,,,,,,,,,,,,68.9566633266533
J30_4.RCP,0,61.623140495867766,0.4764871597290039,PSO_none_none,55,1000,0,50.0,60.0,,,,,,,,,,,,,,,,,,,,,,,,,none,,,,80.0,0.9,,,,,,,,,,0.729,1.49445,1.49445,none,30.0,0.01,,,,,,,,,,,,,,,16.739729458917804
J30_4.RCP,1,52.786776859504144,0.45408177375793457,PSO_none_none,55,1000,1,50.0,60.0,,,,,,,,,,,,,,,,,,,,,,,,,none,,,,80.0,0.9,,,,,,,,,,0.729,1.49445,1.49445,none,30.0,0.01,,,,,,,,,,,,,,,0.0
J30_4.RCP,0,55.877685950413216,0.37782716751098633,BA_none,55,1000,0,50.0,60.0,,,,,,,,,,,,,,,,,,,,,,0.9,,,none,10.0,,,,,,,,,,,,,,,,,,,,0.0,2.0,1.0,0.5,0.9,,,,,,,,,,5.85546092184365
J30_4.RCP,1,56.8595041322314,0.4386613368988037,BA_none,55,1000,1,50.0,60.0,,,,,,,,,,,,,,,,,,,,,,0.9,,,none,10.0,,,,,,,,,,,,,,,,,,,,0.0,2.0,1.0,0.5,0.9,,,,,,,,,,7.715430861723414
J30_4.RCP,0,59.1504132231405,0.39547204971313477,HS_fixed_random,55,1000,0,,60.0,,,,,,,,random,,,,,,,,,,,,,,,,,,,,,,,,,,,,,,,,,,,,,,,,,,,50.0,0.9,0.3,2.0,0.1,0.9,1.0,5.0,fixed,12.055360721442861
J30_4.RCP,1,62.82314049586776,0.3933689594268799,HS_fixed_random,55,1000,1,,60.0,,,,,,,,random,,,,,,,,,,,,,,,,,,,,,,,,,,,,,,,,,,,,,,,,,,,50.0,0.9,0.3,2.0,0.1,0.9,1.0,5.0,fixed,19.013026052104166
J30_5.RCP,0,68.89281997918833,0.3028571605682373,DE_rand/1_fixedF_bin_fixedCR_noLS,31,1000,0,50.0,60.0,100.0,0.1,0.9,False,False,rand/1,bin,random,False,5.0,0.3,1.5,0.3,1.0,1.0,,,,,,,,,,,,,,,,,,,,,,,,,,,,,,,,,,,,,,,,,,,,,32.18464241504607
J30_5.RCP,1,66.89281997918835,0.3018498420715332,DE_rand/1_fixedF_bin_fixedCR_noLS,31,1000,1,50.0,60.0,100.0,0.1,0.9,False,False,rand/1,bin,random,False,5.0,0.3,1.5,0.3,1.0,1.0,,,,,,,,,,,,,,,,,,,,,,,,,,,,,,,,,,,,,,,,,,,,,28.34724274248291
J30_5.RCP,0,77.02185223725284,0.3753840923309326,GA_roulette_single_point_random_random_none_noNeighborhood_noElitism_noSA,31,1000,0,50.0,60.0,,,,,,random,single_point,random,,,,,,,,0.9,0.1,roulette,3.0,True,False,0.5,0.1,0.35,none,5.0,0.0,False,10.0,0.95,,,,,,,,,,,,,,,,,,,,,,,,,,,,,,47.78181527772226
J30_5.RCP,1,84.82830385015606,0.3823049068450928,GA_roulette_single_point_random_random_none_noNeighborhood_noElitism_noSA,31,1000,1,50.0,60.0,,,,,,random,single_point,random,,,,,,,,0.9,0.1,roulette,3.0,True,False,0.5,0.1,0.35,none,5.0,0.0,False,10.0,0.95,,,,,,,,,,,,,,,,,,,,,,,,,,,,,,62.76005270933987
J30_5.RCP,0,53.40894901144642,0.21994328498840332,TS_static,31,1000,0,,60.0,100.0,,,,,,,,,,,,,,,,,,,,,,,,,,20.0,,,,10.0,True,static,1.0,4.0,10.0,,,,,,,,,,,,,,,,,,,,,,,,2.475741724234314
J30_5.RCP,1,52.11862643080126,0.22511792182922363,TS_static,31,1000,1,,60.0,100.0,,,,,,,,,,,,,,,,,,,,,,,,,,20.0,,,,10.0,True,static,1.0,4.0,10.0,,,,,,,,,,,,,,,,,,,,,,,,0.0
J30_5.RCP,0,86.18314255983348,0.12170100212097168,PR_forward_best_noLS,31,1000,0,,60.0,100.0,,,,,,,,False,,,,,,,,,best,,,,,,,,,,,,,,,,,,,10.0,forward,50.0,,,,,,,,,,,,,,,,,,,,,65.3595815197859
J30_5.RCP,1,96.11862643080123,0.08622956275939941,PR_forward_best_noLS,31,1000,1,,60.0,100.0,,,,,,,,False,,,,,,,,,best,,,,,,,,,,,,,,,,,,,10.0,forward,50.0,,,,,,,,,,,,,,,,,,,,,84.42279279639014
J30_5.RCP,0,56.376690946930275,0.4526820182800293,PSO_none_none,31,1000,0,50.0,60.0,,,,,,,,,,,,,,,,,,,,,,,,,none,,,,80.0,0.9,,,,,,,,,,0.729,1.49445,1.49445,none,30.0,0.01,,,,,,,,,,,,,,,8.169947689973217
J30_5.RCP,1,59.27991675338189,0.5009241104125977,PSO_none_none,31,1000,1,50.0,60.0,,,,,,,,,,,,,,,,,,,,,,,,,none,,,,80.0,0.9,,,,,,,,,,0.729,1.49445,1.49445,none,30.0,0.01,,,,,,,,,,,,,,,13.740366569500434
J30_5.RCP,0,72.7637877211238,0.37580370903015137,BA_none,31,1000,0,50.0,60.0,,,,,,,,,,,,,,,,,,,,,,0.9,,,none,10.0,,,,,,,,,,,,,,,,,,,,0.0,2.0,1.0,0.5,0.9,,,,,,,,,,39.611867587749
J30_5.RCP,1,54.5057232049948,0.3710317611694336,BA_none,31,1000,1,50.0,60.0,,,,,,,,,,,,,,,,,,,,,,0.9,,,none,10.0,,,,,,,,,,,,,,,,,,,,0.0,2.0,1.0,0.5,0.9,,,,,,,,,,4.580122189833478
J30_5.RCP,0,57.021852237252865,0.3867471218109131,HS_fixed_random,31,1000,0,,60.0,,,,,,,,random,,,,,,,,,,,,,,,,,,,,,,,,,,,,,,,,,,,,,,,,,,,50.0,0.9,0.3,2.0,0.1,0.9,1.0,5.0,fixed,9.407818552090395
J30_5.RCP,1,58.69927159209157,0.38854408264160156,HS_fixed_random,31,1000,1,,60.0,,,,,,,,random,,,,,,,,,,,,,,,,,,,,,,,,,,,,,,,,,,,,,,,,,,,50.0,0.9,0.3,2.0,0.1,0.9,1.0,5.0,fixed,12.626282793594998
J30_6.RCP,0,61.84349030470914,0.30042386054992676,DE_rand/1_fixedF_bin_fixedCR_noLS,38,1000,0,50.0,60.0,100.0,0.1,0.9,False,False,rand/1,bin,random,False,5.0,0.3,1.5,0.3,1.0,1.0,,,,,,,,,,,,,,,,,,,,,,,,,,,,,,,,,,,,,,,,,,,,,3.2512429182564673
J30_6.RCP,1,62.264542936288095,0.3028271198272705,DE_rand/1_fixedF_bin_fixedCR_noLS,38,1000,1,50.0,60.0,100.0,0.1,0.9,False,False,rand/1,bin,random,False,5.0,0.3,1.5,0.3,1.0,1.0,,,,,,,,,,,,,,,,,,,,,,,,,,,,,,,,,,,,,,,,,,,,,3.9542143600416533
J30_6.RCP,0,68.5803324099723,0.3864741325378418,GA_roulette_single_point_random_random_none_noNeighborhood_noElitism_noSA,38,1000,0,50.0,60.0,,,,,,random,single_point,random,,,,,,,,0.9,0.1,roulette,3.0,True,False,0.5,0.1,0.35,none,5.0,0.0,False,10.0,0.95,,,,,,,,,,,,,,,,,,,,,,,,,,,,,,14.49878598681931
J30_6.RCP,1,69.52770083102493,0.3848567008972168,GA_roulette_single_point_random_random_none_noNeighborhood_noElitism_noSA,38,1000,1,50.0,60.0,,,,,,random,single_point,random,,,,,,,,0.9,0.1,roulette,3.0,True,False,0.5,0.1,0.35,none,5.0,0.0,False,10.0,0.95,,,,,,,,,,,,,,,,,,,,,,,,,,,,,,16.080471730835956
J30_6.RCP,0,59.8961218836565,0.22352004051208496,TS_static,38,1000,0,,60.0,100.0,,,,,,,,,,,,,,,,,,,,,,,,,,20.0,,,,10.0,True,static,1.0,4.0,10.0,,,,,,,,,,,,,,,,,,,,,,,,0.0
J30_6.RCP,1,61.52770083102494,0.22017407417297363,TS_static,38,1000,1,,60.0,100.0,,,,,,,,,,,,,,,,,,,,,,,,,,20.0,,,,10.0,True,static,1.0,4.0,10.0,,,,,,,,,,,,,,,,,,,,,,,,2.724014336917593
J30_6.RCP,0,70.2645429362881,0.08040785789489746,PR_forward_best_noLS,38,1000,0,,60.0,100.0,,,,,,,,False,,,,,,,,,best,,,,,,,,,,,,,,,,,,,10.0,forward,50.0,,,,,,,,,,,,,,,,,,,,,17.310671753960026
J30_6.RCP,1,74.5803324099723,0.08365893363952637,PR_forward_best_noLS,38,1000,1,,60.0,100.0,,,,,,,,False,,,,,,,,,best,,,,,,,,,,,,,,,,,,,10.0,forward,50.0,,,,,,,,,,,,,,,,,,,,,24.516129032258092
J30_6.RCP,0,62.94875346260388,0.44888782501220703,PSO_none_none,38,1000,0,50.0,60.0,,,,,,,,,,,,,,,,,,,,,,,,,none,,,,80.0,0.9,,,,,,,,,,0.729,1.49445,1.49445,none,30.0,0.01,,,,,,,,,,,,,,,5.096542952942564
J30_6.RCP,1,60.15927977839334,0.44773006439208984,PSO_none_none,38,1000,1,50.0,60.0,,,,,,,,,,,,,,,,,,,,,,,,,none,,,,80.0,0.9,,,,,,,,,,0.729,1.49445,1.49445,none,30.0,0.01,,,,,,,,,,,,,,,0.43935715111573664
J30_6.RCP,0,63.89612188365651,0.3879539966583252,BA_none,38,1000,0,50.0,60.0,,,,,,,,,,,,,,,,,,,,,,0.9,,,none,10.0,,,,,,,,,,,,,,,,,,,,0.0,2.0,1.0,0.5,0.9,,,,,,,,,,6.678228696959211
J30_6.RCP,1,66.00138504155125,0.378007173538208,BA_none,38,1000,1,50.0,60.0,,,,,,,,,,,,,,,,,,,,,,0.9,,,none,10.0,,,,,,,,,,,,,,,,,,,,0.0,2.0,1.0,0.5,0.9,,,,,,,,,,10.193085905885093
J30_6.RCP,0,60.159279778393355,0.38763999938964844,HS_fixed_random,38,1000,0,,60.0,,,,,,,,random,,,,,,,,,,,,,,,,,,,,,,,,,,,,,,,,,,,,,,,,,,,50.0,0.9,0.3,2.0,0.1,0.9,1.0,5.0,fixed,0.4393571511157604
J30_6.RCP,1,60.68559556786704,0.39597535133361816,HS_fixed_random,38,1000,1,,60.0,,,,,,,,random,,,,,,,,,,,,,,,,,,,,,,,,,,,,,,,,,,,,,,,,,,,50.0,0.9,0.3,2.0,0.1,0.9,1.0,5.0,fixed,1.3180714533472335
J30_7.RCP,0,54.95861111111112,0.2989768981933594,DE_rand/1_fixedF_bin_fixedCR_noLS,60,1000,0,50.0,60.0,100.0,0.1,0.9,False,False,rand/1,bin,random,False,5.0,0.3,1.5,0.3,1.0,1.0,,,,,,,,,,,,,,,,,,,,,,,,,,,,,,,,,,,,,,,,,,,,,6.114206949815256
J30_7.RCP,1,53.458611111111125,0.29738283157348633,DE_rand/1_fixedF_bin_fixedCR_noLS,60,1000,1,50.0,60.0,100.0,0.1,0.9,False,False,rand/1,bin,random,False,5.0,0.3,1.5,0.3,1.0,1.0,,,,,,,,,,,,,,,,,,,,,,,,,,,,,,,,,,,,,,,,,,,,,3.218003657797528
J30_7.RCP,0,53.92527777777778,0.3749208450317383,GA_roulette_single_point_random_random_none_noNeighborhood_noElitism_noSA,60,1000,0,50.0,60.0,,,,,,random,single_point,random,,,,,,,,0.9,0.1,roulette,3.0,True,False,0.5,0.1,0.35,none,5.0,0.0,False,10.0,0.95,,,,,,,,,,,,,,,,,,,,,,,,,,,,,,4.119044681980802
J30_7.RCP,1,55.72527777777779,0.38043785095214844,GA_roulette_single_point_random_random_none_noNeighborhood_noElitism_noSA,60,1000,1,50.0,60.0,,,,,,random,single_point,random,,,,,,,,0.9,0.1,roulette,3.0,True,False,0.5,0.1,0.35,none,5.0,0.0,False,10.0,0.95,,,,,,,,,,,,,,,,,,,,,,,,,,,,,,7.594488632402115
J30_7.RCP,0,51.79194444444445,0.21828007698059082,TS_static,60,1000,0,,60.0,100.0,,,,,,,,,,,,,,,,,,,,,,,,,,20.0,,,,10.0,True,static,1.0,4.0,10.0,,,,,,,,,,,,,,,,,,,,,,,,1.3719174736184632e-14
J30_7.RCP,1,51.79194444444444,0.22485613822937012,TS_static,60,1000,1,,60.0,100.0,,,,,,,,,,,,,,,,,,,,,,,,,,20.0,,,,10.0,True,static,1.0,4.0,10.0,,,,,,,,,,,,,,,,,,,,,,,,0.0
J30_7.RCP,0,58.19194444444445,0.08740901947021484,PR_forward_best_noLS,60,1000,0,,60.0,100.0,,,,,,,,False,,,,,,,,,best,,,,,,,,,,,,,,,,,,,10.0,forward,50.0,,,,,,,,,,,,,,,,,,,,,12.357134045942392
J30_7.RCP,1,66.72527777777778,0.0892341136932373,PR_forward_best_noLS,60,1000,1,,60.0,100.0,,,,,,,,False,,,,,,,,,best,,,,,,,,,,,,,,,,,,,10.0,forward,50.0,,,,,,,,,,,,,,,,,,,,,28.833312773865526
J30_7.RCP,0,53.59194444444445,0.4533119201660156,PSO_none_none,60,1000,0,50.0,60.0,,,,,,,,,,,,,,,,,,,,,,,,,none,,,,80.0,0.9,,,,,,,,,,0.729,1.49445,1.49445,none,30.0,0.01,,,,,,,,,,,,,,,3.4754439504213126
J30_7.RCP,1,54.05861111111111,0.4481520652770996,PSO_none_none,60,1000,1,50.0,60.0,,,,,,,,,,,,,,,,,,,,,,,,,none,,,,80.0,0.9,,,,,,,,,,0.729,1.49445,1.49445,none,30.0,0.01,,,,,,,,,,,,,,,4.3764849746046
J30_7.RCP,0,52.69194444444445,0.3831188678741455,BA_none,60,1000,0,50.0,60.0,,,,,,,,,,,,,,,,,,,,,,0.9,,,none,10.0,,,,,,,,,,,,,,,,,,,,0.0,2.0,1.0,0.5,0.9,,,,,,,,,,1.7377219752106698
J30_7.RCP,1,52.69194444444445,0.3757617473602295,BA_none,60,1000,1,50.0,60.0,,,,,,,,,,,,,,,,,,,,,,0.9,,,none,10.0,,,,,,,,,,,,,,,,,,,,0.0,2.0,1.0,0.5,0.9,,,,,,,,,,1.7377219752106698
J30_7.RCP,0,51.82527777777779,0.39035701751708984,HS_fixed_random,60,1000,0,,60.0,,,,,,,,random,,,,,,,,,,,,,,,,,,,,,,,,,,,,,,,,,,,,,,,,,,,50.0,0.9,0.3,2.0,0.1,0.9,1.0,5.0,fixed,0.06436007315598732
J30_7.RCP,1,52.258611111111115,0.3880188465118408,HS_fixed_random,60,1000,1,,60.0,,,,,,,,random,,,,,,,,,,,,,,,,,,,,,,,,,,,,,,,,,,,,,,,,,,,50.0,0.9,0.3,2.0,0.1,0.9,1.0,5.0,fixed,0.9010410241833149
J30_8.RCP,0,73.91954432182271,0.33486509323120117,DE_rand/1_fixedF_bin_fixedCR_noLS,53,1000,0,50.0,60.0,100.0,0.1,0.9,False,False,rand/1,bin,random,False,5.0,0.3,1.5,0.3,1.0,1.0,,,,,,,,,,,,,,,,,,,,,,,,,,,,,,,,,,,,,,,,,,,,,29.566074704538924
J30_8.RCP,1,73.01388394446423,0.3008408546447754,DE_rand/1_fixedF_bin_fixedCR_noLS,53,1000,1,50.0,60.0,100.0,0.1,0.9,False,False,rand/1,bin,random,False,5.0,0.3,1.5,0.3,1.0,1.0,,,,,,,,,,,,,,,,,,,,,,,,,,,,,,,,,,,,,,,,,,,,,27.978634451946238
J30_8.RCP,0,77.20256318974724,0.36075711250305176,GA_roulette_single_point_random_random_none_noNeighborhood_noElitism_noSA,53,1000,0,50.0,60.0,,,,,,random,single_point,random,,,,,,,,0.9,0.1,roulette,3.0,True,False,0.5,0.1,0.35,none,5.0,0.0,False,10.0,0.95,,,,,,,,,,,,,,,,,,,,,,,,,,,,,,35.32054562018744
J30_8.RCP,1,71.7686009255963,0.3607938289642334,GA_roulette_single_point_random_random_none_noNeighborhood_noElitism_noSA,53,1000,1,50.0,60.0,,,,,,random,single_point,random,,,,,,,,0.9,0.1,roulette,3.0,True,False,0.5,0.1,0.35,none,5.0,0.0,False,10.0,0.95,,,,,,,,,,,,,,,,,,,,,,,,,,,,,,25.795904104631283
J30_8.RCP,0,57.05161979352083,0.21712899208068848,TS_static,53,1000,0,,60.0,100.0,,,,,,,,,,,,,,,,,,,,,,,,,,20.0,,,,10.0,True,static,1.0,4.0,10.0,,,,,,,,,,,,,,,,,,,,,,,,0.0
J30_8.RCP,1,66.03275186899252,0.2214829921722412,TS_static,53,1000,1,,60.0,100.0,,,,,,,,,,,,,,,,,,,,,,,,,,20.0,,,,10.0,True,static,1.0,4.0,10.0,,,,,,,,,,,,,,,,,,,,,,,,15.742115838210873
J30_8.RCP,0,90.14595941616234,0.09941983222961426,PR_forward_best_noLS,53,1000,0,,60.0,100.0,,,,,,,,False,,,,,,,,,best,,,,,,,,,,,,,,,,,,,10.0,forward,50.0,,,,,,,,,,,,,,,,,,,,,58.007712563491374
J30_8.RCP,1,71.7686009255963,0.09111595153808594,PR_forward_best_noLS,53,1000,1,,60.0,100.0,,,,,,,,False,,,,,,,,,best,,,,,,,,,,,,,,,,,,,10.0,forward,50.0,,,,,,,,,,,,,,,,,,,,,25.795904104631283
J30_8.RCP,0,59.995016019935925,0.45285725593566895,PSO_none_none,53,1000,0,50.0,60.0,,,,,,,,,,,,,,,,,,,,,,,,,none,,,,80.0,0.9,,,,,,,,,,0.729,1.49445,1.49445,none,30.0,0.01,,,,,,,,,,,,,,,5.1591808209262595
J30_8.RCP,1,64.33463866144535,0.45180416107177734,PSO_none_none,53,1000,1,50.0,60.0,,,,,,,,,,,,,,,,,,,,,,,,,none,,,,80.0,0.9,,,,,,,,,,0.729,1.49445,1.49445,none,30.0,0.01,,,,,,,,,,,,,,,12.765665364599577
J30_8.RCP,0,63.69312922748309,0.374377965927124,BA_none,53,1000,0,50.0,60.0,,,,,,,,,,,,,,,,,,,,,,0.9,,,none,10.0,,,,,,,,,,,,,,,,,,,,0.0,2.0,1.0,0.5,0.9,,,,,,,,,,11.641228519013088
J30_8.RCP,1,61.65539337842649,0.3760969638824463,BA_none,53,1000,1,50.0,60.0,,,,,,,,,,,,,,,,,,,,,,0.9,,,none,10.0,,,,,,,,,,,,,,,,,,,,0.0,2.0,1.0,0.5,0.9,,,,,,,,,,8.069487950679529
J30_8.RCP,0,63.46671413314347,0.3920590877532959,HS_fixed_random,53,1000,0,,60.0,,,,,,,,random,,,,,,,,,,,,,,,,,,,,,,,,,,,,,,,,,,,,,,,,,,,50.0,0.9,0.3,2.0,0.1,0.9,1.0,5.0,fixed,11.244368455864917
J30_8.RCP,1,67.7308650765397,0.398162841796875,HS_fixed_random,53,1000,1,,60.0,,,,,,,,random,,,,,,,,,,,,,,,,,,,,,,,,,,,,,,,,,,,,,,,,,,,50.0,0.9,0.3,2.0,0.1,0.9,1.0,5.0,fixed,18.718566311822194
J30_9.RCP,0,89.05952380952381,0.30217814445495605,DE_rand/1_fixedF_bin_fixedCR_noLS,42,1000,0,50.0,60.0,100.0,0.1,0.9,False,False,rand/1,bin,random,False,5.0,0.3,1.5,0.3,1.0,1.0,,,,,,,,,,,,,,,,,,,,,,,,,,,,,,,,,,,,,,,,,,,,,9.740354994865786
J30_9.RCP,1,100.91666666666667,0.32334423065185547,DE_rand/1_fixedF_bin_fixedCR_noLS,42,1000,1,50.0,60.0,100.0,0.1,0.9,False,False,rand/1,bin,random,False,5.0,0.3,1.5,0.3,1.0,1.0,,,,,,,,,,,,,,,,,,,,,,,,,,,,,,,,,,,,,,,,,,,,,24.350887487164457
J30_9.RCP,0,108.3452380952381,0.3991210460662842,GA_roulette_single_point_random_random_none_noNeighborhood_noElitism_noSA,42,1000,0,50.0,60.0,,,,,,random,single_point,random,,,,,,,,0.9,0.1,roulette,3.0,True,False,0.5,0.1,0.35,none,5.0,0.0,False,10.0,0.95,,,,,,,,,,,,,,,,,,,,,,,,,,,,,,33.50447410884555
J30_9.RCP,1,101.25,0.3959391117095947,GA_roulette_single_point_random_random_none_noNeighborhood_noElitism_noSA,42,1000,1,50.0,60.0,,,,,,random,single_point,random,,,,,,,,0.9,0.1,roulette,3.0,True,False,0.5,0.1,0.35,none,5.0,0.0,False,10.0,0.95,,,,,,,,,,,,,,,,,,,,,,,,,,,,,,24.761625348393732
J30_9.RCP,0,85.96428571428571,0.23209476470947266,TS_static,42,1000,0,,60.0,100.0,,,,,,,,,,,,,,,,,,,,,,,,,,20.0,,,,10.0,True,static,1.0,4.0,10.0,,,,,,,,,,,,,,,,,,,,,,,,5.926360569165324
J30_9.RCP,1,81.1547619047619,0.22427701950073242,TS_static,42,1000,1,,60.0,100.0,,,,,,,,,,,,,,,,,,,,,,,,,,20.0,,,,10.0,True,static,1.0,4.0,10.0,,,,,,,,,,,,,,,,,,,,,,,,0.0
J30_9.RCP,0,109.48809523809524,0.1344890594482422,PR_forward_best_noLS,42,1000,0,,60.0,100.0,,,,,,,,False,,,,,,,,,best,,,,,,,,,,,,,,,,,,,10.0,forward,50.0,,,,,,,,,,,,,,,,,,,,,34.91271820448879
J30_9.RCP,1,138.96428571428572,0.0926969051361084,PR_forward_best_noLS,42,1000,1,,60.0,100.0,,,,,,,,False,,,,,,,,,best,,,,,,,,,,,,,,,,,,,10.0,forward,50.0,,,,,,,,,,,,,,,,,,,,,71.23368050462082
J30_9.RCP,0,92.29761904761902,0.44549012184143066,PSO_none_none,42,1000,0,50.0,60.0,,,,,,,,,,,,,,,,,,,,,,,,,none,,,,80.0,0.9,,,,,,,,,,0.729,1.49445,1.49445,none,30.0,0.01,,,,,,,,,,,,,,,13.730379932521616
J30_9.RCP,1,85.29761904761905,0.44838595390319824,PSO_none_none,42,1000,1,50.0,60.0,,,,,,,,,,,,,,,,,,,,,,,,,none,,,,80.0,0.9,,,,,,,,,,0.729,1.49445,1.49445,none,30.0,0.01,,,,,,,,,,,,,,,5.104884846706775
J30_9.RCP,0,86.25,0.37319087982177734,BA_none,42,1000,0,50.0,60.0,,,,,,,,,,,,,,,,,,,,,,0.9,,,none,10.0,,,,,,,,,,,,,,,,,,,,0.0,2.0,1.0,0.5,0.9,,,,,,,,,,6.278421593076142
J30_9.RCP,1,85.82142857142857,0.3760850429534912,BA_none,42,1000,1,50.0,60.0,,,,,,,,,,,,,,,,,,,,,,0.9,,,none,10.0,,,,,,,,,,,,,,,,,,,,0.0,2.0,1.0,0.5,0.9,,,,,,,,,,5.750330057209923
J30_9.RCP,0,84.25,0.38515305519104004,HS_fixed_random,42,1000,0,,60.0,,,,,,,,random,,,,,,,,,,,,,,,,,,,,,,,,,,,,,,,,,,,,,,,,,,,50.0,0.9,0.3,2.0,0.1,0.9,1.0,5.0,fixed,3.8139944257004634
J30_9.RCP,1,84.53571428571429,0.3858318328857422,HS_fixed_random,42,1000,1,,60.0,,,,,,,,random,,,,,,,,,,,,,,,,,,,,,,,,,,,,,,,,,,,,,,,,,,,50.0,0.9,0.3,2.0,0.1,0.9,1.0,5.0,fixed,4.166055449611282
J30_10.RCP,0,74.59751643535428,0.3010079860687256,DE_rand/1_fixedF_bin_fixedCR_noLS,37,1000,0,50.0,60.0,100.0,0.1,0.9,False,False,rand/1,bin,random,False,5.0,0.3,1.5,0.3,1.0,1.0,,,,,,,,,,,,,,,,,,,,,,,,,,,,,,,,,,,,,,,,,,,,,9.090520648620922
J30_10.RCP,1,77.5164353542732,0.29701805114746094,DE_rand/1_fixedF_bin_fixedCR_noLS,37,1000,1,50.0,60.0,100.0,0.1,0.9,False,False,rand/1,bin,random,False,5.0,0.3,1.5,0.3,1.0,1.0,,,,,,,,,,,,,,,,,,,,,,,,,,,,,,,,,,,,,,,,,,,,,13.359112953190753
J30_10.RCP,0,82.16508400292183,0.3838520050048828,GA_roulette_single_point_random_random_none_noNeighborhood_noElitism_noSA,37,1000,0,50.0,60.0,,,,,,random,single_point,random,,,,,,,,0.9,0.1,roulette,3.0,True,False,0.5,0.1,0.35,none,5.0,0.0,False,10.0,0.95,,,,,,,,,,,,,,,,,,,,,,,,,,,,,,20.15724143824638
J30_10.RCP,1,80.75967859751643,0.3800370693206787,GA_roulette_single_point_random_random_none_noNeighborhood_noElitism_noSA,37,1000,1,50.0,60.0,,,,,,random,single_point,random,,,,,,,,0.9,0.1,roulette,3.0,True,False,0.5,0.1,0.35,none,5.0,0.0,False,10.0,0.95,,,,,,,,,,,,,,,,,,,,,,,,,,,,,,18.10199329160165
J30_10.RCP,0,68.38130021913807,0.2194070816040039,TS_static,37,1000,0,,60.0,100.0,,,,,,,,,,,,,,,,,,,,,,,,,,20.0,,,,10.0,True,static,1.0,4.0,10.0,,,,,,,,,,,,,,,,,,,,,,,,0.0
J30_10.RCP,1,71.73265157048941,0.23069477081298828,TS_static,37,1000,1,,60.0,100.0,,,,,,,,,,,,,,,,,,,,,,,,,,20.0,,,,10.0,True,static,1.0,4.0,10.0,,,,,,,,,,,,,,,,,,,,,,,,4.900976349691268
J30_10.RCP,0,78.81373265157049,0.08249092102050781,PR_forward_best_noLS,37,1000,0,,60.0,100.0,,,,,,,,False,,,,,,,,,best,,,,,,,,,,,,,,,,,,,10.0,forward,50.0,,,,,,,,,,,,,,,,,,,,,15.25626508855511
J30_10.RCP,1,80.97589481373265,0.08653092384338379,PR_forward_best_noLS,37,1000,1,,60.0,100.0,,,,,,,,False,,,,,,,,,best,,,,,,,,,,,,,,,,,,,10.0,forward,50.0,,,,,,,,,,,,,,,,,,,,,18.41818531416239
J30_10.RCP,0,73.67859751643536,0.4478330612182617,PSO_none_none,37,1000,0,50.0,60.0,,,,,,,,,,,,,,,,,,,,,,,,,none,,,,80.0,0.9,,,,,,,,,,0.729,1.49445,1.49445,none,30.0,0.01,,,,,,,,,,,,,,,7.746704552737828
J30_10.RCP,1,73.78670562454347,0.446657657623291,PSO_none_none,37,1000,1,50.0,60.0,,,,,,,,,,,,,,,,,,,,,,,,,none,,,,80.0,0.9,,,,,,,,,,0.729,1.49445,1.49445,none,30.0,0.01,,,,,,,,,,,,,,,7.904800564018198
J30_10.RCP,0,72.9218407596786,0.37274694442749023,BA_none,37,1000,0,50.0,60.0,,,,,,,,,,,,,,,,,,,,,,0.9,,,none,10.0,,,,,,,,,,,,,,,,,,,,0.0,2.0,1.0,0.5,0.9,,,,,,,,,,6.640032473775278
J30_10.RCP,1,71.40832724616507,0.375838041305542,BA_none,37,1000,1,50.0,60.0,,,,,,,,,,,,,,,,,,,,,,0.9,,,none,10.0,,,,,,,,,,,,,,,,,,,,0.0,2.0,1.0,0.5,0.9,,,,,,,,,,4.426688315850158
J30_10.RCP,0,72.54346238130023,0.38781285285949707,HS_fixed_random,37,1000,0,,60.0,,,,,,,,random,,,,,,,,,,,,,,,,,,,,,,,,,,,,,,,,,,,,,,,,,,,50.0,0.9,0.3,2.0,0.1,0.9,1.0,5.0,fixed,6.086696434294014
J30_10.RCP,1,74.32724616508399,0.38820481300354004,HS_fixed_random,37,1000,1,,60.0,,,,,,,,random,,,,,,,,,,,,,,,,,,,,,,,,,,,,,,,,,,,,,,,,,,,50.0,0.9,0.3,2.0,0.1,0.9,1.0,5.0,fixed,8.695280620419988
